{"val/loss":1.7442727088928223,"val/accuracy":58.333333333333336,"_wandb":{"runtime":2917},"train/loss":0.08390999635060628,"train/accuracy":98,"_timestamp":1.7404391110478575e+09,"_runtime":2917.53373694,"_step":3019}