{"_runtime":2810.025003237,"_step":3019,"val/loss":2.6464834213256836,"val/accuracy":33.333333333333336,"_wandb":{"runtime":2810},"train/loss":0.13809099396069843,"train/accuracy":96,"_timestamp":1.7404346804302351e+09}