{"_wandb":{"runtime":1371},"_runtime":1370.818424145,"_step":3019,"train/loss":0.091907958984375,"train/accuracy":96.66666666666667,"_timestamp":1.7404321370391603e+09,"val/accuracy":50,"val/loss":3.994140625}