{"_timestamp":1.7404393773181503e+09,"_runtime":1550.116483964,"_step":3775,"val/loss":4.703665733337402,"val/accuracy":50,"_wandb":{"runtime":1550},"train/loss":0.010708900168538094,"train/accuracy":100}