{"train/accuracy":74.66666666666667,"_timestamp":1.7404369808955824e+09,"_runtime":1980.476938503,"_step":3019,"val/loss":1.8886651992797852,"val/accuracy":58.333333333333336,"_wandb":{"runtime":1980},"train/loss":0.5800379264354706}