{"_runtime":94.639537897,"_step":229,"val/accuracy":62.5,"val/loss":0.951171875,"_wandb":{"runtime":97},"train/loss":0.13266708374023437,"train/accuracy":96,"_timestamp":1.740395114451988e+09}