{"train/accuracy":98.4375,"_timestamp":1.7404411588315175e+09,"val/loss":5.171875,"val/accuracy":31.25,"_wandb":{"runtime":1208},"_runtime":1208.081635974,"_step":2157,"train/loss":0.07441329956054688}