{"_wandb":{"runtime":922},"train/loss":1.7881393432617188e-05,"_step":3776,"test/accuracy":52,"_timestamp":1.7412695648142176e+09,"_runtime":922.6734807,"train/accuracy":100,"val/accuracy":75,"val/loss":1.1328125}