{"val/loss":3.638223886489868,"val/accuracy":33.333333333333336,"_wandb":{"runtime":2766},"train/loss":0.2661011568705241,"train/accuracy":88,"_timestamp":1.740434591863864e+09,"_runtime":2766.036212532,"_step":3019}