{"val/accuracy":50,"val/loss":2.9585094451904297,"_wandb":{"runtime":2700},"train/accuracy":96.875,"_timestamp":1.7404361789902272e+09,"_runtime":2700.297731335,"_step":3775,"train/loss":0.05775219947099686}