{"val/loss":2.598109722137451,"_wandb":{"runtime":2661},"_step":3776,"_timestamp":1.7412713042159088e+09,"test/accuracy":56,"train/loss":1.4542538110617897e-05,"train/accuracy":100,"val/accuracy":50,"_runtime":2661.295384944}