{"test/accuracy":52,"_wandb":{"runtime":1921},"train/accuracy":100,"val/loss":1.1244252920150757,"_runtime":1921.329536829,"_step":3776,"val/accuracy":87.5,"_timestamp":1.741270563380883e+09,"train/loss":0.0008141547732520849}