{"val/loss":5.87109375,"val/accuracy":18.75,"_timestamp":1.741272728762194e+09,"_step":2158,"train/loss":0.00040531158447265625,"test/accuracy":40,"_wandb":{"runtime":1176},"train/accuracy":100,"_runtime":1176.427875836}