{"_wandb":{"runtime":2689},"train/loss":0.0664935524109751,"train/accuracy":96.875,"_timestamp":1.7404418144806368e+09,"_runtime":2688.845818682,"_step":2157,"val/loss":1.7190799713134766,"val/accuracy":25}