{"train/accuracy":75,"val/loss":1.8554487228393555,"val/accuracy":37.5,"_wandb":{"runtime":2475},"_timestamp":1.740437084791276e+09,"_runtime":2474.742120601,"_step":2157,"train/loss":0.781787171959877}