{"train/accuracy":100,"_timestamp":1.740431802935167e+09,"_runtime":1249.820778484,"_step":3019,"val/loss":2.9140625,"val/accuracy":41.666666666666664,"_wandb":{"runtime":1250},"train/loss":0.016452662150065103}