{"train/accuracy":95.3125,"_timestamp":1.7404330578694263e+09,"_runtime":1229.353407455,"val/loss":5.00390625,"val/accuracy":18.75,"_wandb":{"runtime":1229},"_step":2157,"train/loss":0.13816070556640625}