{"train/loss":0.0005513543990673497,"test/accuracy":46.15384615384615,"train/accuracy":100,"_wandb":{"runtime":2087},"_timestamp":1.7412726699960313e+09,"val/loss":3.2690627574920654,"_step":3020,"_runtime":2087.779344332,"val/accuracy":41.666666666666664}