{"_timestamp":1.7404409487815645e+09,"_runtime":1553.389991765,"val/loss":2.3359060287475586,"val/accuracy":41.666666666666664,"_wandb":{"runtime":1553},"_step":3019,"train/loss":0.03531603560472528,"train/accuracy":98.66666666666667}