{"val/accuracy":62.5,"train/accuracy":100,"_wandb":{"runtime":1212},"_timestamp":1.7404007633636937e+09,"train/loss":0.0071563720703125,"val/loss":1.9716796875,"test/accuracy":64,"_runtime":1212.374008493,"_step":2526}