{"_wandb":{"runtime":750},"val/accuracy":18.75,"train/loss":4.322826862335205e-05,"_step":2158,"test/accuracy":44,"train/accuracy":100,"_timestamp":1.741271269974821e+09,"val/loss":5.68359375,"_runtime":750.770333159}