{"_step":3019,"val/loss":2.254720687866211,"val/accuracy":50,"_wandb":{"runtime":2649},"train/loss":0.22505834937095642,"train/accuracy":93.33333333333333,"_timestamp":1.7404425737939405e+09,"_runtime":2649.079013791}