{"val/loss":2.267538070678711,"test/accuracy":56,"_runtime":2309.401089365,"_step":3776,"_wandb":{"runtime":2309},"_timestamp":1.741270951545608e+09,"val/accuracy":62.5,"train/loss":4.6630446377093904e-05,"train/accuracy":100}