{"val/accuracy":75,"_wandb":{"runtime":1410},"_timestamp":1.7404385214628673e+09,"_runtime":1410.086619088,"_step":3775,"train/loss":0.0275115966796875,"train/accuracy":98.4375,"val/loss":1.7470703125}