{"val/loss":0.6296467185020447,"val/accuracy":75,"_wandb":{"runtime":2496},"train/loss":0.5892309248447418,"train/accuracy":73.4375,"_timestamp":1.7404317865922887e+09,"_runtime":2496.538969733,"_step":3775}