{"val/loss":1.81640625,"val/accuracy":43.75,"_wandb":{"runtime":1283},"train/loss":0.9266357421875,"train/accuracy":58.59375,"_timestamp":1.740433436426914e+09,"_runtime":1283.552317778,"_step":2157}