{"train/loss":8.046627044677734e-05,"_step":3776,"val/accuracy":87.5,"test/accuracy":52,"_wandb":{"runtime":1449},"val/loss":1.0302734375,"_timestamp":1.7412700919266045e+09,"_runtime":1449.782183429,"train/accuracy":100}