{"_runtime":2628.928543334,"_step":2157,"val/accuracy":25,"val/loss":8.547901153564453,"_wandb":{"runtime":2629},"train/loss":0.0019941988575737923,"train/accuracy":100,"_timestamp":1.740437324748377e+09}