{"_runtime":1362.783630621,"_step":2157,"train/loss":0.018622084986418486,"train/accuracy":99.21875,"val/loss":2.3733489513397217,"val/accuracy":56.25,"_wandb":{"runtime":1363},"_timestamp":1.7404423295041003e+09}