{"val/accuracy":75,"_wandb":{"runtime":1875},"train/loss":0.5916448533535004,"train/accuracy":68.75,"_timestamp":1.7404349742761836e+09,"_runtime":1875.697018063,"_step":3775,"val/loss":0.5195513367652893}