{"_timestamp":1.7412711651642392e+09,"val/accuracy":62.5,"_wandb":{"runtime":2523},"train/loss":0.029529735445976257,"val/loss":1.598349690437317,"train/accuracy":98.4375,"test/accuracy":64,"_runtime":2523.113220509,"_step":3776}