{"_wandb":{"runtime":1398},"_runtime":1398.313429846,"_step":3019,"train/loss":0.00390078067779541,"train/accuracy":100,"_timestamp":1.74043993524898e+09,"val/accuracy":41.666666666666664,"val/loss":3.94921875}