{"val/loss":0.58056640625,"val/accuracy":75,"_wandb":{"runtime":1465},"train/loss":0.5020751953125,"train/accuracy":75,"_timestamp":1.740430749730056e+09,"_runtime":1464.989825095,"_step":3775}