{"_runtime":1752.476723759,"train/accuracy":73.4375,"_timestamp":1.7404029958328598e+09,"val/loss":0.5147165656089783,"_wandb":{"runtime":1752},"train/loss":0.5187861770391464,"test/accuracy":40,"val/accuracy":75,"_step":2526}